,rang,nom_fichier_image,categorie,nom,description
,1,MOD-001.png,ART MODERNE,Arcos Carré,Ensemble de 2 tableaux carrés assortis — Art mural moderne
,2,MOD-002.png,ART MODERNE,Arcos Carré,Ensemble de 3 tableaux carrés assortis — Art mural moderne
,3,MOD-003.png,ART MODERNE,Arcos Ronde,Tableau circulaire — Art mural moderne
,4,MOD-004.png,ART MODERNE,Arcos Rectangulaire,Tableau rectangulaire — Art mural moderne
,5,MOD-005.png,ART MODERNE,Arcos Carré,Tableau carré — Art mural moderne
,6,MOD-006.png,ART MODERNE,Arcos Rectangulaire,Tableau rectangulaire — Art mural moderne
,7,MOD-007.png,ART MODERNE,Arcos Rectangulaire,Ensemble de 2 tableaux rectangulaires — Art mural moderne
,8,MOD-008.png,ART MODERNE,Arcos Rectangulaire,Ensemble de 3 tableaux rectangulaires — Art mural moderne
,9,MOD-009.png,ART MODERNE,Arcos Rectangulaire,Ensemble de 3 tableaux rectangulaires — Art mural moderne
,10,MOD-010.png,ART MODERNE,Rectangulaire,Ensemble de 2 tableaux rectangulaires — Art mural moderne
,11,MOD-011.png,ART MODERNE,Rectangulaire,Tableau rectangulaire — Art mural moderne
,12,MOD-012.png,ART MODERNE,Rectangulaire,Tableau rectangulaire — Art mural moderne
,13,MOD-013.png,ART MODERNE,Rectangulaire,Tableau rectangulaire — Art mural moderne
,14,MOD-014.png,ART MODERNE,Rectangulaire,Ensemble de 2 tableaux rectangulaires — Art mural moderne
,15,MOD-015.png,ART MODERNE,Rectangulaire,Ensemble de 3 tableaux rectangulaires — Art mural moderne
,16,MOD-016.png,ART MODERNE,Rectangulaire,Tableau rectangulaire — Art mural moderne
,17,MOD-017.png,ART MODERNE,Rectangulaire,Ensemble de 2 tableaux rectangulaires — Art mural moderne
,18,MOD-018.png,ART MODERNE,Rectangulaire,Ensemble de 2 tableaux rectangulaires — Art mural moderne
,19,MOD-019.png,ART MODERNE,Rectangulaire,Tableau rectangulaire — Art mural moderne
,20,MOD-020.png,ART MODERNE,Carré,Ensemble de 2 tableaux carrés — Art mural moderne
,21,MOD-021.png,ART MODERNE,Carré,Tableau carré — Art mural moderne
,22,MOD-022.png,ART MODERNE,Rectangulaire,Tableau rectangulaire — Art mural moderne
,23,MOD-023.png,ART MODERNE,Rectangulaire,Ensemble de 2 tableaux rectangulaires — Art mural moderne
,24,MOD-024.png,ART MODERNE,Rectangulaire,Ensemble de 3 tableaux rectangulaires — Art mural moderne
,25,MOD-025.png,ART MODERNE,Rectangulaire,Ensemble de 2 tableaux rectangulaires — Art mural moderne
,26,MOD-026.png,ART MODERNE,Carré,Ensemble de 2 tableaux carrés — Art mural moderne
,27,MOD-027.png,ART MODERNE,Rectangulaire,Tableau rectangulaire — Art mural moderne
,28,ABS-010.png,ART ABSTRAIT,Rectangulaire,Tableau rectangulaire — Art mural abstrait
,29,ABS-011.png,ART ABSTRAIT,Carré,Tableau carré — Art mural abstrait
,30,ABS-012.png,ART ABSTRAIT,Carré,Ensemble de 2 tableaux carrés — Art mural abstrait
,31,ABS-013.png,ART ABSTRAIT,Rectangulaire,Ensemble de 2 tableaux rectangulaires — Art mural abstrait
,32,ABS-014.png,ART ABSTRAIT,Rectangulaire,Ensemble de 2 tableaux rectangulaires — Art mural abstrait
,33,ABS-015.png,ART ABSTRAIT,Rectangulaire,Tableau rectangulaire — Art mural abstrait
,34,ABS-016.png,ART ABSTRAIT,Rectangulaire,Tableau rectangulaire — Art mural abstrait
,35,ABS-017.png,ART ABSTRAIT,Rectangulaire,Ensemble de 2 tableaux rectangulaires — Art mural abstrait
,36,ABS-018.png,ART ABSTRAIT,Ronde,Tableau circulaire — Art mural abstrait
,37,ABS-019.png,ART ABSTRAIT,Rectangulaire,Ensemble de 2 tableaux rectangulaires — Art mural abstrait
,38,ABS-020.png,ART ABSTRAIT,Rectangulaire,Ensemble de 3 tableaux rectangulaires — Art mural abstrait
,39,ABS-021.png,ART ABSTRAIT,Rectangulaire,Tableau rectangulaire — Art mural abstrait
,40,ABS-022.png,ART ABSTRAIT,Rectangulaire,Ensemble de 2 tableaux rectangulaires — Art mural abstrait
,41,ABS-023.png,ART ABSTRAIT,Rectangulaire,Ensemble de 3 tableaux rectangulaires — Art mural abstrait
,42,ABS-024.png,ART ABSTRAIT,Rectangulaire,Tableau rectangulaire — Art mural abstrait
,43,ABS-025.png,ART ABSTRAIT,Rectangulaire,Tableau rectangulaire — Art mural abstrait
,44,ABS-026.png,ART ABSTRAIT,Rectangulaire,Tableau rectangulaire — Art mural abstrait
,45,ABS-027.png,ART ABSTRAIT,Rectangulaire,Tableau rectangulaire — Art mural abstrait
,46,ISL-001.png,ART ISLAMIQUE,Rectangulaire,Tableau rectangulaire — Art mural islamique
,47,ISL-002.png,ART ISLAMIQUE,Rectangulaire,Tableau rectangulaire — Art mural islamique
,48,ISL-003.png,ART ISLAMIQUE,Rectangulaire,Tableau rectangulaire — Art mural islamique
,49,ISL-004.png,ART ISLAMIQUE,Rectangulaire,Tableau rectangulaire — Art mural islamique
,50,ISL-005.png,ART ISLAMIQUE,Rectangulaire,Tableau rectangulaire — Art mural islamique
,51,ISL-006.png,ART ISLAMIQUE,Rectangulaire,Tableau rectangulaire — Art mural islamique
,52,ISL-007.png,ART ISLAMIQUE,Rectangulaire,Ensemble de 2 tableaux rectangulaires — Art mural islamique
,53,ISL-008.png,ART ISLAMIQUE,Rectangulaire,Tableau rectangulaire — Art mural islamique
,54,ISL-009.png,ART ISLAMIQUE,Carré,Ensemble de 3 tableaux carrés — Art mural islamique
,55,ISL-010.png,ART ISLAMIQUE,Rectangulaire,Tableau rectangulaire — Art mural islamique
,56,ISL-011.png,ART ISLAMIQUE,Rectangulaire,Tableau rectangulaire — Art mural islamique
,57,ISL-012.png,ART ISLAMIQUE,Rectangulaire,Tableau rectangulaire — Art mural islamique
,58,ISL-013.png,ART ISLAMIQUE,Rectangulaire,Tableau rectangulaire — Art mural islamique
,59,ISL-014.png,ART ISLAMIQUE,Rectangulaire,Tableau rectangulaire — Art mural islamique
,60,ISL-015.png,ART ISLAMIQUE,Rectangulaire,Tableau rectangulaire — Art mural islamique
,61,ISL-016.png,ART ISLAMIQUE,Rectangulaire,Tableau rectangulaire — Art mural islamique
,62,ISL-017.png,ART ISLAMIQUE,Rectangulaire,Tableau rectangulaire — Art mural islamique
,63,ISL-018.png,ART ISLAMIQUE,Rectangulaire,Tableau rectangulaire — Art mural islamique
,64,ISL-019.png,ART ISLAMIQUE,Rectangulaire,Ensemble de 2 tableaux rectangulaires — Art mural islamique
,65,ISL-020.png,ART ISLAMIQUE,Rectangulaire,Ensemble de 2 tableaux rectangulaires — Art mural islamique
,66,ISL-021.png,ART ISLAMIQUE,Rectangulaire,Tableau rectangulaire — Art mural islamique
,67,ISL-022.png,ART ISLAMIQUE,Rectangulaire,Tableau rectangulaire — Art mural islamique
,68,ISL-023.png,ART ISLAMIQUE,Rectangulaire,Tableau rectangulaire — Art mural islamique
,69,ISL-024.png,ART ISLAMIQUE,Rectangulaire,Ensemble de 3 tableaux rectangulaires — Art mural islamique
,70,ISL-025.png,ART ISLAMIQUE,Rectangulaire,Ensemble de 3 tableaux rectangulaires — Art mural islamique
,71,ISL-026.png,ART ISLAMIQUE,Rectangulaire,Ensemble de 3 tableaux rectangulaires — Art mural islamique
,72,ISL-027.png,ART ISLAMIQUE,Rectangulaire,Ensemble de 3 tableaux rectangulaires — Art mural islamique
